URL,RA,DEC,Level,Target,Detector,Aperture,Spectral_Elt,NExposures,ExpTime,StartTime,Dataset,PropID,VisitNum,PI_Name,DAOCat,SEXCat,Mode,DBCreationDate,Source,Wavelength,Format,ReleaseDate,NReleaseDate,Title,naxis,scale,naxes,crpix,crval,cd_matrix,filename,regionSTCS
http://hla.stsci.edu/cgi-bin/getdata.cgi?dataset=hlsp_hlastarclusters_hst_acs-wfc_ngc5457-f1-9490-01_F814W_v1_sci,210.846,54.3536,5,NGC5457-1,ACS/WFC,WFC,F814W,4,720,2002-11-15 23:23:24,hlsp_hlastarclusters_hst_acs-wfc_ngc5457-f1-9490-01_F814W_v1_sci,9490,ngc5457-f1-9490-01,Kuntz,,,ACCUM,2014-11-05 15:34:23,HLSP,8059.75976562,image/fits,1900-01-01 00:00:00,-2208988800,hlastarclusters_hst_acs-wfc_ngc5457-f1-9490-01 ACS/WFC F814W (hlsp) NGC5457-1,5700 5700,1.38889E-05,2,2850.000 2850.000,210.846000 54.353600,-1.38889E-05 0 0 1.38889E-05,hlsp_hlastarclusters_hst_acs-wfc_ngc5457-f1-9490-01_F814W_v1_sci,Polygon J2000   210.913390    54.314033  210.913521    54.393200  210.777547    54.393200  210.777678    54.314033
http://hla.stsci.edu/cgi-bin/getdata.cgi?dataset=hlsp_hlastarclusters_hst_acs-wfc_ngc5457-f2-9490-02_F814W_v1_sci,210.76,54.3393,5,NGC5457-7,ACS/WFC,WFC,F814W,4,720,2002-11-13 17:58:18,hlsp_hlastarclusters_hst_acs-wfc_ngc5457-f2-9490-02_F814W_v1_sci,9490,ngc5457-f2-9490-02,Kuntz,,,ACCUM,2014-11-05 15:34:23,HLSP,8059.75976562,image/fits,1900-01-01 00:00:00,-2208988800,hlastarclusters_hst_acs-wfc_ngc5457-f2-9490-02 ACS/WFC F814W (hlsp) NGC5457-7,5400 5400,1.38889E-05,2,2700.000 2700.000,210.760000 54.339300,-1.38889E-05 0 0 1.38889E-05,hlsp_hlastarclusters_hst_acs-wfc_ngc5457-f2-9490-02_F814W_v1_sci,Polygon J2000   210.823847    54.301762  210.823964    54.376762  210.695198    54.376762  210.695316    54.301762
http://hla.stsci.edu/cgi-bin/getdata.cgi?dataset=hst_08591_27_wfpc2_f547m_wf,210.802983,54.362052,2,NGC5457,WFPC2,PC1,F547M,4,1600,2001-04-22 05:42:14,hst_08591_27_wfpc2_f547m_wf,8591,27,RICHSTONE,Loaded,Loaded,IMAGE,2010-02-05 21:57:30,CADC,5483,image/fits,2002-04-24 21:46:49,1019684809,08591_27 WFPC2 F547M (combined) NGC5457,2150 2150,2.77778E-05,2,1075.000 1075.000,210.802983 54.362052,-2.77778E-05 0 0 2.77778E-05,hst_08591_27_wfpc2_f547m_wf,Polygon J2000 210.82685628 54.37075268 210.82686327 54.37074759 210.82685600 54.37075200 210.82675936 54.37069793 210.80262000 54.38505400 210.80261179 54.38505888 210.80260500 54.38505500 210.77867302 54.37139147 210.77844539 54.37152465 210.77843800 54.37152900 210.77843000 54.37152500 210.75147000 54.35596500 210.75157439 54.35590331 210.75158053 54.35589970 210.77536289 54.34190487 210.77644413 54.34126827 210.77819900 54.34023500 210.79192708 54.34815792 210.80240800 54.34187400 210.81244903 54.34756590 210.82581400 54.33945600 210.85318655 54.35478227 210.85319500 54.35478700 210.82687100 54.37075200 210.82686335 54.37075664 Polygon J2000  210.79939068 54.35537785 210.77983422 54.36701233 Polygon J2000  210.82676670 54.37069357 210.82280097 54.36847477 210.82675851 54.37068907
http://hla.stsci.edu/cgi-bin/getdata.cgi?dataset=hst_08591_27_wfpc2_f656n_wf,210.802983,54.362052,2,NGC5457,WFPC2,PC1,F656N,5,2100,2001-04-22 07:27:14,hst_08591_27_wfpc2_f656n_wf,8591,27,RICHSTONE,Loaded,Loaded,IMAGE,2010-02-05 21:57:30,CADC,6564,image/fits,2002-04-24 21:52:58,1019685178,08591_27 WFPC2 F656N (combined) NGC5457,2150 2150,2.77778E-05,2,1075.000 1075.000,210.802983 54.362052,-2.77778E-05 0 0 2.77778E-05,hst_08591_27_wfpc2_f656n_wf,Polygon J2000 210.80262000 54.38505400 210.80261179 54.38505888 210.80260500 54.38505500 210.77867302 54.37139147 210.77844539 54.37152465 210.77843800 54.37152900 210.77843000 54.37152500 210.75147000 54.35596500 210.75157439 54.35590331 210.75158053 54.35589970 210.77536289 54.34190487 210.77644413 54.34126827 210.77819900 54.34023500 210.79192708 54.34815792 210.80240800 54.34187400 210.81244903 54.34756590 210.82581400 54.33945600 210.85318655 54.35478227 210.85319500 54.35478700 210.82687100 54.37075200 210.82686335 54.37075664 210.82685628 54.37075268 210.82686327 54.37074759 210.82685600 54.37075200 210.82675936 54.37069793 Polygon J2000  210.79939068 54.35537785 210.77983422 54.36701233 Polygon J2000  210.82676670 54.37069357 210.82280097 54.36847477 210.82675851 54.37068907
http://hla.stsci.edu/cgi-bin/getdata.cgi?dataset=hst_08591_27_wfpc2_total_wf,210.802983,54.362052,2,NGC5457,WFPC2,PC1,detection,9,3700,2001-04-22 05:42:14,hst_08591_27_wfpc2_total_wf,8591,27,RICHSTONE,Loaded,Loaded,IMAGE,2010-02-05 21:57:30,CADC,6083.55555556,image/fits,2002-04-24 21:52:58,1019685178,08591_27 WFPC2 detection (combined) NGC5457,2150 2150,2.77778E-05,2,1075.000 1075.000,210.802983 54.362052,-2.77778E-05 0 0 2.77778E-05,hst_08591_27_wfpc2_total_wf,Polygon J2000 210.77983422 54.36701233 210.79939068 54.35537785 Polygon J2000  210.82685600 54.37075200 210.82675936 54.37069793 210.80262000 54.38505400 210.80261179 54.38505888 210.80260500 54.38505500 210.77867302 54.37139147 210.77844539 54.37152465 210.77843800 54.37152900 210.77843000 54.37152500 210.75147000 54.35596500 210.75157439 54.35590331 210.75158053 54.35589970 210.77536289 54.34190487 210.77644413 54.34126827 210.77819900 54.34023500 210.79192708 54.34815792 210.80240800 54.34187400 210.81244903 54.34756590 210.82581400 54.33945600 210.85318655 54.35478227 210.85319500 54.35478700 210.82687100 54.37075200 210.82686335 54.37075664 210.82685628 54.37075268 210.82686327 54.37074759 Polygon J2000  210.82280097 54.36847477 210.82675851 54.37068907 210.82676670 54.37069357
http://hla.stsci.edu/cgi-bin/fitscut.cgi?red=hst_08591_27_wfpc2_f656n_wf&amp;blue=hst_08591_27_wfpc2_f547m_wf&amp;size=ALL&amp;format=fits,210.802983,54.362052,4,NGC5457,WFPC2,PC1,F656N/F547M,9,3700,2001-04-22 05:42:14,hst_08591_27_wfpc2_f656n_f547m_wf,8591,27,RICHSTONE,Loaded,Loaded,IMAGE,2010-02-05 21:57:30,CADC,227.301886792,image/fits,2002-04-24 21:52:58,1019685178,08591_27 WFPC2 F656N/F547M (color) NGC5457,2150 2150,2.77778E-05,2,1075.000 1075.000,210.802983 54.362052,-2.77778E-05 0 0 2.77778E-05,"hst_08591_27_wfpc2_f656n_wf,hst_08591_27_wfpc2_f547m_wf",Polygon J2000 210.80262000 54.38505400 210.80261179 54.38505888 210.80260500 54.38505500 210.77867302 54.37139147 210.77844539 54.37152465 210.77843800 54.37152900 210.77843000 54.37152500 210.75147000 54.35596500 210.75157439 54.35590331 210.75158053 54.35589970 210.77536289 54.34190487 210.77644413 54.34126827 210.77819900 54.34023500 210.79192708 54.34815792 210.80240800 54.34187400 210.81244903 54.34756590 210.82581400 54.33945600 210.85318655 54.35478227 210.85319500 54.35478700 210.82687100 54.37075200 210.82686335 54.37075664 210.82685628 54.37075268 210.82686327 54.37074759 210.82685600 54.37075200 210.82675936 54.37069793 Polygon J2000  210.79939068 54.35537785 210.77983422 54.36701233 Polygon J2000  210.82676670 54.37069357 210.82280097 54.36847477 210.82675851 54.37068907
http://hla.stsci.edu/cgi-bin/getdata.cgi?dataset=hst_09720_01_wfpc2_f336w_wf,210.782872,54.349301,2,M101-POS1,WFPC2,WFALL-FIX,F336W,2,2400,2004-02-10 00:09:15,hst_09720_01_wfpc2_f336w_wf,9720,01,CHANDAR,Loaded,Loaded,IMAGE,2010-02-05 09:49:09,CADC,3344,image/fits,2005-02-10 18:03:11,1108058591,09720_01 WFPC2 F336W (combined) M101-POS1,1950 1950,2.77778E-05,2,975.000 975.000,210.782872 54.349301,-2.77778E-05 0 0 2.77778E-05,hst_09720_01_wfpc2_f336w_wf,Polygon J2000 210.75570600 54.34358500 210.76887105 54.34080811 210.76219400 54.33026000 210.79780200 54.32260300 210.81095100 54.34337500 210.81081358 54.34340458 210.82243800 54.36233400 210.79088842 54.36891495 210.79099900 54.36909800 210.75520900 54.37643600 210.75516011 54.37635506 210.74394219 54.35777674 210.74343311 54.35693323 210.74260500 54.35556100 210.76082792 54.35182417
http://hla.stsci.edu/cgi-bin/getdata.cgi?dataset=hst_09720_01_wfpc2_total_wf,210.782872,54.349301,2,M101-POS1,WFPC2,WFALL-FIX,detection,2,2400,2004-02-10 00:09:15,hst_09720_01_wfpc2_total_wf,9720,01,CHANDAR,Loaded,Loaded,IMAGE,2010-02-05 09:49:09,CADC,3344,image/fits,2005-02-10 18:03:11,1108058591,09720_01 WFPC2 detection (combined) M101-POS1,1950 1950,2.77778E-05,2,975.000 975.000,210.782872 54.349301,-2.77778E-05 0 0 2.77778E-05,hst_09720_01_wfpc2_total_wf,Polygon J2000 210.75520900 54.37643600 210.75516011 54.37635506 210.74394219 54.35777674 210.74343311 54.35693323 210.74260500 54.35556100 210.76082792 54.35182417 210.75570600 54.34358500 210.76887105 54.34080811 210.76219400 54.33026000 210.79780200 54.32260300 210.81095100 54.34337500 210.81081358 54.34340458 210.82243800 54.36233400 210.79088842 54.36891495 210.79099900 54.36909800
http://hla.stsci.edu/cgi-bin/getdata.cgi?dataset=HST_11080_a6_NIC_NIC3_F187N,210.803343,54.349648,2,NGC5457,NIC3,NIC3,F187N,6,959.76,2007-05-30 06:28:45,HST_11080_a6_NIC_NIC3_F187N,11080,a6,Calzetti,,,MULTIACCUM,2009-12-07 20:12:06,HLA,18747.8,image/fits,2007-05-30 12:31:58,1180528318,11080_a6 NIC3 F187N (combined) NGC5457,650 650,2.77778E-05,2,325.000 325.000,210.803343 54.349648,-2.77778E-05 0 0 2.77778E-05,HST_11080_a6_NIC_NIC3_F187N,Polygon J2000 210.79416342 54.35841940 210.79374400 54.35847220 210.79365560 54.35822750 210.78850997 54.34415367 210.78842060 54.34390920 210.81247489 54.34087853 210.81247535 54.34087980 210.81289560 54.34082680 210.81804922 54.35489962 210.81813725 54.35514296 210.81822730 54.35538870 210.79416390 54.35842070
http://hla.stsci.edu/cgi-bin/getdata.cgi?dataset=HST_11080_a6_NIC_NIC3_F190N,210.803343,54.349648,2,NGC5457,NIC3,NIC3,F190N,6,1343.76,2007-05-30 06:31:46,HST_11080_a6_NIC_NIC3_F190N,11080,a6,Calzetti,,,MULTIACCUM,2009-12-07 20:12:06,HLA,19003.4,image/fits,2007-05-30 12:33:00,1180528380,11080_a6 NIC3 F190N (combined) NGC5457,650 650,2.77778E-05,2,325.000 325.000,210.803343 54.349648,-2.77778E-05 0 0 2.77778E-05,HST_11080_a6_NIC_NIC3_F190N,Polygon J2000 210.78842060 54.34390920 210.81247489 54.34087853 210.81247535 54.34087980 210.81289560 54.34082680 210.81804922 54.35489962 210.81813725 54.35514296 210.81822730 54.35538870 210.79416390 54.35842070 210.79416342 54.35841940 210.79374400 54.35847220 210.79365560 54.35822750 210.78850997 54.34415367
http://hla.stsci.edu/cgi-bin/getdata.cgi?dataset=HST_11080_a6_NIC_NIC3_total,210.803343,54.349648,2,NGC5457,NIC3,NIC3,detection,12,2303.52,2007-05-30 06:28:45,HST_11080_a6_NIC_NIC3_total,11080,a6,Calzetti,,,MULTIACCUM,2009-12-07 20:12:06,HLA,-9999,image/fits,2007-05-30 12:33:00,1180528380,11080_a6 NIC3 detection (combined) NGC5457,650 650,2.77778E-05,2,325.000 325.000,210.803343 54.349648,-2.77778E-05 0 0 2.77778E-05,HST_11080_a6_NIC_NIC3_total,Polygon J2000 210.81247535 54.34087980 210.81289560 54.34082680 210.81804922 54.35489962 210.81813725 54.35514296 210.81822730 54.35538870 210.79416390 54.35842070 210.79416342 54.35841940 210.79374400 54.35847220 210.79365560 54.35822750 210.78850997 54.34415367 210.78842060 54.34390920 210.81247489 54.34087853
http://hla.stsci.edu/cgi-bin/fitscut.cgi?red=HST_11080_a6_NIC_NIC3_F190N&amp;blue=HST_11080_a6_NIC_NIC3_F187N&amp;size=ALL&amp;format=fits,210.803343,54.349648,4,NGC5457,NIC3,NIC3,F190N/F187N,12,2303.52,2007-05-30 06:28:45,HST_11080_a6_NIC_NIC3_F190N_F187N,11080,a6,Calzetti,,,MULTIACCUM,2009-12-07 20:12:06,HLA,712.286792453,image/fits,2007-05-30 12:33:00,1180528380,11080_a6 NIC3 F190N/F187N (color) NGC5457,650 650,2.77778E-05,2,325.000 325.000,210.803343 54.349648,-2.77778E-05 0 0 2.77778E-05,"HST_11080_a6_NIC_NIC3_F190N,HST_11080_a6_NIC_NIC3_F187N",Polygon J2000 210.78842060 54.34390920 210.81247489 54.34087853 210.81247535 54.34087980 210.81289560 54.34082680 210.81804922 54.35489962 210.81813725 54.35514296 210.81822730 54.35538870 210.79416390 54.35842070 210.79416342 54.35841940 210.79374400 54.35847220 210.79365560 54.35822750 210.78850997 54.34415367
http://hla.stsci.edu/cgi-bin/getdata.cgi?dataset=hst_11635_11_wfc3_uvis_f469n,210.79671,54.331825,2,M101-K,WFC3/UVIS,UVIS-CENTER,F469N,4,6106,2010-04-07 22:26:26,hst_11635_11_wfc3_uvis_f469n,11635,11,Shara,Loaded,Loaded,ACCUM,2014-09-28 11:52:15,HLA,4688.104,image/fits,2011-04-08 07:41:06,1302248466,11635_11 WFC3/UVIS F469N (combined) M101-K,5692 5560,1.10053E-05,2,2846.001 2780.001,210.796710 54.331825,-1.10053E-05 0 0 1.10053E-05,hst_11635_11_wfc3_uvis_f469n,Polygon J2000 210.78278680 54.35297430 210.74730320 54.34364610 210.74732977 54.34360506 210.74730330 54.34359810 210.74731273 54.34358353 210.77470500 54.30122693 210.77473150 54.30118590 210.77477203 54.30119656 210.77478150 54.30118190 210.81022072 54.31049833 210.81023470 54.31050200 210.81020800 54.31054339 210.81023430 54.31055030 210.78283680 54.35296990 210.78281058 54.35296301 210.78279649 54.35295931 Polygon J2000  210.84550660 54.31986978 210.84554720 54.31988040 210.84552096 54.31992194 210.84554680 54.31992870 210.81879980 54.36222370 210.81877389 54.36221693 210.81875924 54.36221309 210.81874980 54.36222800 210.81872373 54.36222118 210.78365130 54.35304400 210.78367740 54.35300283 210.78365130 54.35299600 210.81042890 54.31070810 210.81046962 54.31071876 210.81047890 54.31070410
http://hla.stsci.edu/cgi-bin/getdata.cgi?dataset=hst_11635_11_wfc3_uvis_total,210.79671,54.331825,2,M101-K,WFC3/UVIS,UVIS-CENTER,detection,4,6106,2010-04-07 22:26:26,hst_11635_11_wfc3_uvis_total,11635,11,Shara,Loaded,Loaded,ACCUM,2014-09-28 11:52:15,HLA,-9999,image/fits,2011-04-08 07:41:06,1302248466,11635_11 WFC3/UVIS detection (combined) M101-K,5692 5560,1.10053E-05,2,2846.001 2780.001,210.796710 54.331825,-1.10053E-05 0 0 1.10053E-05,hst_11635_11_wfc3_uvis_total,Polygon J2000 210.81046962 54.31071876 210.81047890 54.31070410 210.84550660 54.31986978 210.84554720 54.31988040 210.84552096 54.31992194 210.84554680 54.31992870 210.81879980 54.36222370 210.81877389 54.36221693 210.81875924 54.36221309 210.81874980 54.36222800 210.81872373 54.36222118 210.78365130 54.35304400 210.78367740 54.35300283 210.78365130 54.35299600 210.81042890 54.31070810 Polygon J2000  210.74732977 54.34360506 210.74730330 54.34359810 210.74731273 54.34358353 210.77470500 54.30122693 210.77473150 54.30118590 210.77477203 54.30119656 210.77478150 54.30118190 210.81022072 54.31049833 210.81023470 54.31050200 210.81020800 54.31054339 210.81023430 54.31055030 210.78283680 54.35296990 210.78281058 54.35296301 210.78279649 54.35295931 210.78278680 54.35297430 210.74730320 54.34364610
http://hla.stsci.edu/cgi-bin/getdata.cgi?dataset=hst_13364_79_wfc3_uvis_f275w,210.78697,54.355683,2,NGC5457-1,WFC3/UVIS,UVIS-CENTER,F275W,3,2502,2013-10-19 01:53:41,hst_13364_79_wfc3_uvis_f275w,13364,79,Calzetti,Loaded,Loaded,ACCUM,2014-10-06 02:24:41,HLA,2703.7195,image/fits,2013-10-19 05:03:52,1382159032,13364_79 WFC3/UVIS F275W (combined) NGC5457-1,6111 6087,1.1006E-05,2,3055.501 3043.501,210.786970 54.355683,-1.1006E-05 0 0 1.1006E-05,hst_13364_79_wfc3_uvis_f275w,Polygon J2000 210.76330960 54.37413910 210.76363836 54.37389487 210.76337124 54.37375618 210.76317530 54.37390370 210.73442590 54.35900170 210.73475670 54.35875276 210.73370580 54.35820770 210.73392280 54.35804440 210.73403065 54.35796324 210.78102530 54.32255850 210.78158984 54.32285117 210.78191490 54.32260600 210.81065710 54.33749720 210.81000102 54.33799227 210.81006859 54.33802726 210.81055380 54.33766600 210.81111633 54.33795793 210.81144340 54.33771440 210.84052340 54.35279650 210.83986740 54.35328517 210.84036270 54.35354190 210.79239670 54.38923220 210.79190118 54.38897523
http://hla.stsci.edu/cgi-bin/getdata.cgi?dataset=hst_13364_79_wfc3_uvis_f336w,210.78697,54.355683,2,NGC5457-1,WFC3/UVIS,UVIS-CENTER,F336W,3,2382,2013-10-19 00:26:03,hst_13364_79_wfc3_uvis_f336w,13364,79,Calzetti,Loaded,Loaded,ACCUM,2014-10-06 02:24:41,HLA,3354.9353,image/fits,2013-10-21 12:21:40,1382358100,13364_79 WFC3/UVIS F336W (combined) NGC5457-1,6111 6087,1.1006E-05,2,3055.501 3043.501,210.786970 54.355683,-1.1006E-05 0 0 1.1006E-05,hst_13364_79_wfc3_uvis_f336w,Polygon J2000 210.81111706 54.33795449 210.81144430 54.33771080 210.84052450 54.35279290 210.83986901 54.35328127 210.84036450 54.35353810 210.79239560 54.38923630 210.79189994 54.38897926 210.76330790 54.37414290 210.76363740 54.37389808 210.76336911 54.37375879 210.76317400 54.37390570 210.73442160 54.35900300 210.73474902 54.35875658 210.73369260 54.35820870 210.73391249 54.35804321 210.73402114 54.35796144 210.78101630 54.32255320 210.78158663 54.32284885 210.78191600 54.32260040 210.81066080 54.33749200 210.81000506 54.33798686 210.81007237 54.33802170 210.81055460 54.33766260
http://hla.stsci.edu/cgi-bin/getdata.cgi?dataset=hst_13364_79_wfc3_uvis_total,210.78697,54.355683,2,NGC5457-1,WFC3/UVIS,UVIS-CENTER,detection,6,4884,2013-10-19 00:26:03,hst_13364_79_wfc3_uvis_total,13364,79,Calzetti,Loaded,Loaded,ACCUM,2014-10-06 02:24:41,HLA,-9999,image/fits,2013-10-21 12:21:40,1382358100,13364_79 WFC3/UVIS detection (combined) NGC5457-1,6111 6087,1.1006E-05,2,3055.501 3043.501,210.786970 54.355683,-1.1006E-05 0 0 1.1006E-05,hst_13364_79_wfc3_uvis_total,Polygon J2000 210.76336911 54.37375879 210.76317400 54.37390570 210.73442160 54.35900300 210.73474902 54.35875658 210.73369260 54.35820870 210.73391249 54.35804321 210.73402114 54.35796144 210.78101630 54.32255320 210.78158663 54.32284885 210.78191600 54.32260040 210.81066080 54.33749200 210.81065521 54.33749622 210.81065710 54.33749720 210.81000692 54.33798782 210.81007237 54.33802170 210.81055460 54.33766260 210.81111706 54.33795449 210.81144430 54.33771080 210.84052450 54.35279290 210.84052120 54.35279536 210.84052340 54.35279650 210.83987114 54.35328238 210.84036450 54.35353810 210.84036075 54.35354089 210.84036270 54.35354190 210.81983968 54.36882249 210.79239560 54.38923630 210.79189994 54.38897926 210.76330790 54.37414290 210.76331161 54.37414014 210.76330960 54.37413910 210.76363542 54.37389706
http://hla.stsci.edu/cgi-bin/fitscut.cgi?red=hst_13364_79_wfc3_uvis_f336w&amp;blue=hst_13364_79_wfc3_uvis_f275w&amp;size=ALL&amp;format=fits,210.78697,54.355683,4,NGC5457-1,WFC3/UVIS,UVIS-CENTER,F336W/F275W,6,4884,2013-10-19 00:26:03,hst_13364_79_wfc3_uvis_f336w_f275w,13364,79,Calzetti,Loaded,Loaded,ACCUM,2014-10-06 02:24:41,HLA,114.314241509,image/fits,2013-10-21 12:21:40,1382358100,13364_79 WFC3/UVIS F336W/F275W (color) NGC5457-1,6111 6087,1.1006E-05,2,3055.501 3043.501,210.786970 54.355683,-1.1006E-05 0 0 1.1006E-05,"hst_13364_79_wfc3_uvis_f336w,hst_13364_79_wfc3_uvis_f275w",Polygon J2000 210.81111706 54.33795449 210.81144430 54.33771080 210.84052450 54.35279290 210.83986901 54.35328127 210.84036450 54.35353810 210.79239560 54.38923630 210.79189994 54.38897926 210.76330790 54.37414290 210.76363740 54.37389808 210.76336911 54.37375879 210.76317400 54.37390570 210.73442160 54.35900300 210.73474902 54.35875658 210.73369260 54.35820870 210.73391249 54.35804321 210.73402114 54.35796144 210.78101630 54.32255320 210.78158663 54.32284885 210.78191600 54.32260040 210.81066080 54.33749200 210.81000506 54.33798686 210.81007237 54.33802170 210.81055460 54.33766260
http://hla.stsci.edu/cgi-bin/getdata.cgi?dataset=HST_9490_01_ACS_WFC_F435W,210.845581,54.353595,2,NGC5457-1,ACS/WFC,WFC,F435W,2,900,2002-11-15 22:45:54,HST_9490_01_ACS_WFC_F435W,9490,01,Kuntz,Loaded,Loaded,ACCUM,2010-01-21 21:17:28,HLA,4317.4,image/fits,2003-11-16 17:05:09,1069002309,9490_01 ACS/WFC F435W (combined) NGC5457-1,5700 5700,1.38889E-05,2,2850.000 2850.000,210.845581 54.353595,-1.38889E-05 0 0 1.38889E-05,HST_9490_01_ACS_WFC_F435W,Polygon J2000 210.91292450 54.34004220 210.89086830 54.36561720 210.80112670 54.34364540 210.82322700 54.31808670 Polygon J2000  210.80090200 54.34480080 210.89008890 54.36582350 210.86841810 54.39044660 210.77918880 54.36940790
http://hla.stsci.edu/cgi-bin/getdata.cgi?dataset=HST_9490_01_ACS_WFC_F555W,210.845581,54.353595,2,NGC5457-1,ACS/WFC,WFC,F555W,2,720,2002-11-15 23:06:14,HST_9490_01_ACS_WFC_F555W,9490,01,Kuntz,Loaded,Loaded,ACCUM,2010-01-21 21:17:28,HLA,5359.55,image/fits,2003-11-16 03:27:44,1068953264,9490_01 ACS/WFC F555W (combined) NGC5457-1,5700 5700,1.38889E-05,2,2850.000 2850.000,210.845581 54.353595,-1.38889E-05 0 0 1.38889E-05,HST_9490_01_ACS_WFC_F555W,Polygon J2000 210.80090500 54.34480090 210.89008700 54.36582260 210.86841730 54.39044530 210.77919290 54.36940750 Polygon J2000  210.82322800 54.31808730 210.91292280 54.34004190 210.89086720 54.36561660 210.80112840 54.34364570
http://hla.stsci.edu/cgi-bin/getdata.cgi?dataset=HST_9490_01_ACS_WFC_F814W,210.845581,54.353595,2,NGC5457-1,ACS/WFC,WFC,F814W,2,720,2002-11-15 23:23:25,HST_9490_01_ACS_WFC_F814W,9490,01,Kuntz,Loaded,Loaded,ACCUM,2010-01-21 21:17:28,HLA,8059.76,image/fits,2003-11-16 04:11:02,1068955862,9490_01 ACS/WFC F814W (combined) NGC5457-1,5700 5700,1.38889E-05,2,2850.000 2850.000,210.845581 54.353595,-1.38889E-05 0 0 1.38889E-05,HST_9490_01_ACS_WFC_F814W,Polygon J2000 210.77919610 54.36940640 210.80090800 54.34480110 210.89008610 54.36582040 210.86841660 54.39044180 Polygon J2000  210.82322960 54.31808890 210.91292050 54.34004180 210.89086560 54.36561500 210.80113070 54.34364580
http://hla.stsci.edu/cgi-bin/getdata.cgi?dataset=HST_9490_01_ACS_WFC_total,210.845581,54.353595,2,NGC5457-1,ACS/WFC,WFC,detection,6,2340,2002-11-15 22:45:54,HST_9490_01_ACS_WFC_total,9490,01,Kuntz,Loaded,Loaded,ACCUM,2010-01-21 21:17:28,HLA,-9999,image/fits,2003-11-16 17:05:09,1069002309,9490_01 ACS/WFC detection (combined) NGC5457-1,5700 5700,1.38889E-05,2,2850.000 2850.000,210.845581 54.353595,-1.38889E-05 0 0 1.38889E-05,HST_9490_01_ACS_WFC_total,Polygon J2000 210.80090200 54.34480080 210.89008890 54.36582350 210.86841810 54.39044660 210.77918880 54.36940790 Polygon J2000  210.80112670 54.34364540 210.82322700 54.31808670 210.91292450 54.34004220 210.89086830 54.36561720
http://hla.stsci.edu/cgi-bin/fitscut.cgi?red=HST_9490_01_ACS_WFC_F814W&amp;green=HST_9490_01_ACS_WFC_F555W&amp;blue=HST_9490_01_ACS_WFC_F435W&amp;size=ALL&amp;format=fits,210.845581,54.353595,4,NGC5457-1,ACS/WFC,WFC,F814W/F555W/F435W,6,2340,2002-11-15 22:45:54,HST_9490_01_ACS_WFC_F814W_F555W_F435W,9490,01,Kuntz,Loaded,Loaded,ACCUM,2010-01-21 21:17:28,HLA,334.65490566,image/fits,2003-11-16 04:11:02,1068955862,9490_01 ACS/WFC F814W/F555W/F435W (color) NGC5457-1,5700 5700,1.38889E-05,2,2850.000 2850.000,210.845581 54.353595,-1.38889E-05 0 0 1.38889E-05,"HST_9490_01_ACS_WFC_F814W,HST_9490_01_ACS_WFC_F555W,HST_9490_01_ACS_WFC_F435W",Polygon J2000 210.77919610 54.36940640 210.80090800 54.34480110 210.89008610 54.36582040 210.86841660 54.39044180 Polygon J2000  210.82322960 54.31808890 210.91292050 54.34004180 210.89086560 54.36561500 210.80113070 54.34364580
http://hla.stsci.edu/cgi-bin/getdata.cgi?dataset=HST_9490_02_ACS_WFC_F435W,210.759629,54.339233,2,NGC5457-7,ACS/WFC,WFC,F435W,2,900,2002-11-13 17:20:48,HST_9490_02_ACS_WFC_F435W,9490,02,Kuntz,Loaded,Loaded,ACCUM,2010-01-21 21:46:27,HLA,4317.4,image/fits,2003-11-14 05:59:06,1068789546,9490_02 ACS/WFC F435W (combined) NGC5457-7,5400 5400,1.38889E-05,2,2700.000 2700.000,210.759629 54.339233,-1.38889E-05 0 0 1.38889E-05,HST_9490_02_ACS_WFC_F435W,Polygon J2000 210.73005900 54.30547790 210.82354130 54.32109880 210.80683560 54.34801420 210.71329850 54.33238040 Polygon J2000  210.69674670 54.35947390 210.71330970 54.33354320 210.80610390 54.34827270 210.78959370 54.37421610
http://hla.stsci.edu/cgi-bin/getdata.cgi?dataset=HST_9490_02_ACS_WFC_F555W,210.759629,54.339233,2,NGC5457-7,ACS/WFC,WFC,F555W,2,720,2002-11-13 17:41:08,HST_9490_02_ACS_WFC_F555W,9490,02,Kuntz,Loaded,Loaded,ACCUM,2010-01-21 21:46:27,HLA,5359.55,image/fits,2003-11-14 06:07:36,1068790056,9490_02 ACS/WFC F555W (combined) NGC5457-7,5400 5400,1.38889E-05,2,2700.000 2700.000,210.759629 54.339233,-1.38889E-05 0 0 1.38889E-05,HST_9490_02_ACS_WFC_F555W,Polygon J2000 210.78959260 54.37421500 210.69675050 54.35947330 210.71331250 54.33354310 210.80610200 54.34827210 Polygon J2000  210.73006010 54.30547830 210.82353980 54.32109860 210.80683460 54.34801380 210.71330000 54.33238060
http://hla.stsci.edu/cgi-bin/getdata.cgi?dataset=HST_9490_02_ACS_WFC_F814W,210.759629,54.339233,2,NGC5457-7,ACS/WFC,WFC,F814W,2,720,2002-11-13 17:58:19,HST_9490_02_ACS_WFC_F814W,9490,02,Kuntz,Loaded,Loaded,ACCUM,2010-01-21 21:46:27,HLA,8059.76,image/fits,2003-11-14 06:13:54,1068790434,9490_02 ACS/WFC F814W (combined) NGC5457-7,5400 5400,1.38889E-05,2,2700.000 2700.000,210.759629 54.339233,-1.38889E-05 0 0 1.38889E-05,HST_9490_02_ACS_WFC_F814W,Polygon J2000 210.71331550 54.33354310 210.80610070 54.34827000 210.78959120 54.37421160 210.69675340 54.35947200 Polygon J2000  210.71330230 54.33238050 210.73006190 54.30547990 210.82353750 54.32109870 210.80683270 54.34801220
http://hla.stsci.edu/cgi-bin/getdata.cgi?dataset=HST_9490_02_ACS_WFC_total,210.759629,54.339233,2,NGC5457-7,ACS/WFC,WFC,detection,6,2340,2002-11-13 17:20:48,HST_9490_02_ACS_WFC_total,9490,02,Kuntz,Loaded,Loaded,ACCUM,2010-01-21 21:46:27,HLA,-9999,image/fits,2003-11-14 06:13:54,1068790434,9490_02 ACS/WFC detection (combined) NGC5457-7,5400 5400,1.38889E-05,2,2700.000 2700.000,210.759629 54.339233,-1.38889E-05 0 0 1.38889E-05,HST_9490_02_ACS_WFC_total,Polygon J2000 210.69674670 54.35947390 210.71330970 54.33354320 210.80610390 54.34827270 210.78959370 54.37421610 Polygon J2000  210.82354130 54.32109880 210.80683560 54.34801420 210.71329850 54.33238040 210.73005900 54.30547790
http://hla.stsci.edu/cgi-bin/fitscut.cgi?red=HST_9490_02_ACS_WFC_F814W&amp;green=HST_9490_02_ACS_WFC_F555W&amp;blue=HST_9490_02_ACS_WFC_F435W&amp;size=ALL&amp;format=fits,210.759629,54.339233,4,NGC5457-7,ACS/WFC,WFC,F814W/F555W/F435W,6,2340,2002-11-13 17:20:48,HST_9490_02_ACS_WFC_F814W_F555W_F435W,9490,02,Kuntz,Loaded,Loaded,ACCUM,2010-01-21 21:46:27,HLA,334.65490566,image/fits,2003-11-14 06:13:54,1068790434,9490_02 ACS/WFC F814W/F555W/F435W (color) NGC5457-7,5400 5400,1.38889E-05,2,2700.000 2700.000,210.759629 54.339233,-1.38889E-05 0 0 1.38889E-05,"HST_9490_02_ACS_WFC_F814W,HST_9490_02_ACS_WFC_F555W,HST_9490_02_ACS_WFC_F435W",Polygon J2000 210.71331550 54.33354310 210.80610070 54.34827000 210.78959120 54.37421160 210.69675340 54.35947200 Polygon J2000  210.71330230 54.33238050 210.73006190 54.30547990 210.82353750 54.32109870 210.80683270 54.34801220
http://hla.stsci.edu/cgi-bin/getdata.cgi?dataset=HST_9720_02_ACS_WFC_F658N,210.775922,54.354601,2,ANY,ACS/WFC,WFC,F658N,2,2430,2003-08-27 07:44:47,HST_9720_02_ACS_WFC_F658N,9720,02,Chandar,Loaded,Loaded,ACCUM,2008-01-02 03:30:37,HLA,6584.01,image/fits,2004-08-27 11:07:45,1093604865,9720_02 ACS/WFC F658N (combined) ANY,5750 5750,1.38889E-05,2,2875.000 2875.000,210.775922 54.354601,-1.38889E-05 0 0 1.38889E-05,HST_9720_02_ACS_WFC_F658N,Polygon J2000 210.75890230 54.38019650 210.79889830 54.32921760 210.84012320 54.34291740 210.80016510 54.39391000 Polygon J2000  210.79858090 54.32875470 210.75693070 54.38001520 210.71409030 54.36600310 210.75577980 54.31475730
http://hla.stsci.edu/cgi-bin/getdata.cgi?dataset=HST_9720_02_ACS_WFC_total,210.775922,54.354601,2,ANY,ACS/WFC,WFC,detection,2,2430,2003-08-27 07:44:47,HST_9720_02_ACS_WFC_total,9720,02,Chandar,Loaded,Loaded,ACCUM,2008-01-02 03:30:37,HLA,-9999,image/fits,2004-08-27 11:07:45,1093604865,9720_02 ACS/WFC detection (combined) ANY,5750 5750,1.38889E-05,2,2875.000 2875.000,210.775922 54.354601,-1.38889E-05 0 0 1.38889E-05,HST_9720_02_ACS_WFC_total,Polygon J2000 210.71409030 54.36600310 210.75577980 54.31475730 210.79858090 54.32875470 210.75693070 54.38001520 Polygon J2000  210.75890230 54.38019650 210.79889830 54.32921760 210.84012320 54.34291740 210.80016510 54.39391000
